sr_no,enrollment_no,name,student_contact,parent_contact_1,parent_contact_2,department,semester,division,batch,academic_year,class_name
1,24252271491,ADHAV HARSH NIVRUTTI,9623693560,9284720924,8805160997,Computer Engineering,VI,C,C1,2026-2027,TYCO
2,24252271492,ANDHALE SHWETA SURYAKANT,8856087006,9970009421,8856087006,Computer Engineering,VI,C,C1,2026-2027,TYCO
3,24252271494,BHALSHANKAR RAJSHREE MOHAN,9881412332,9881412332,8262085467,Computer Engineering,VI,C,C1,2026-2027,TYCO
4,24252271497,BODAKE PORNIMA ANIL,9359909065,9359909065,9850576862,Computer Engineering,VI,C,C1,2026-2027,TYCO
5,24252271502,CHAVAN ABHISHEK SUNIL,9850859705,9850859705,9011018177,Computer Engineering,VI,C,C1,2026-2027,TYCO
6,24252271506,CHIGARI AVINASH MARUTI,9423024687,8421928165,8600660164,Computer Engineering,VI,C,C1,2026-2027,TYCO
7,24252271508,DABHADE YASH RAKESH,7028011811,9423489300,9049551503,Computer Engineering,VI,C,C1,2026-2027,TYCO
8,24252271510,DHAGE SACHIN SHRIMANT,9607667474,9699894505,9699894505,Computer Engineering,VI,C,C1,2026-2027,TYCO
9,24252271516,DHEBE POONAM RAGHU,9307983149,9767164648,9307983149,Computer Engineering,VI,C,C1,2026-2027,TYCO
10,24252271518,DUBALE SARTHAK MAHESH,9309483745,9763622759,9763622759,Computer Engineering,VI,C,C1,2026-2027,TYCO
11,24252271526,GHARE YUVRAJ MARUTI,9175387074,8668779699,9175387074,Computer Engineering,VI,C,C1,2026-2027,TYCO
12,24252271528,GHOGARE PRIYANKA PANDURANG,8380067684,9657848922,9657502204,Computer Engineering,VI,C,C1,2026-2027,TYCO
13,24252271529,GOGE ATHARV RAJESH,9579828627,9096566044,8698714950,Computer Engineering,VI,C,C1,2026-2027,TYCO
14,25252271385,SINGH ANAMIKA SANTOSH,8459727566,7387407311,7498104883,Computer Engineering,VI,C,C1,2026-2027,TYCO
15,24252271538,KACHI GAURANG GITESH,9960238260,8087001987,9960238260,Computer Engineering,VI,C,C1,2026-2027,TYCO
16,24252271541,KAMBALE ROSHANI DINKAR,9850789686,9850789686,9850789686,Computer Engineering,VI,C,C1,2026-2027,TYCO
17,24252271542,KAMBLE AKSHADA BAL,8237552616,9623375312,8767432616,Computer Engineering,VI,C,C1,2026-2027,TYCO
18,24252271550,KHATPE VAISHNAVI DATTATRAY,8010487108,9881117242,7498328249,Computer Engineering,VI,C,C1,2026-2027,TYCO
19,24252271552,KHOPADE MAYURI MOHAN,7038310054,7038310054,7038355923,Computer Engineering,VI,C,C1,2026-2027,TYCO
20,24252271558,KULKARNI GAURAV SHRIPAD,8793290025,7757850215,7517706809,Computer Engineering,VI,C,C1,2026-2027,TYCO
21,24252271559,LIMHAN PRAJKTA ANKUSH,9665875925,9767435393,9822349408,Computer Engineering,VI,C,C1,2026-2027,TYCO
22,24252271563,MALJI KRUSHNA GANESH,9226226997,9226226997,9028566997,Computer Engineering,VI,C,C1,2026-2027,TYCO
23,24252271567,MARNE VEDANT NILESH,9552602298,9552602298,9527960428,Computer Engineering,VI,C,C1,2026-2027,TYCO
24,24252271569,MENKUDALE KALPESH SANTOSH,9011110488,7058822903,9881712903,Computer Engineering,VI,C,C1,2026-2027,TYCO
25,24252271575,MORE ROHIT KISHOR,7559306065,9822907432,7559306065,Computer Engineering,VI,C,C1,2026-2027,TYCO
26,24252271579,NETAKE PRANJALI GAUTAM,8237546422,7756040824,7385546422,Computer Engineering,VI,C,C1,2026-2027,TYCO
27,24252271583,PANSARE SAKSHI SANDEEP,9373684500,9767915528,9373684500,Computer Engineering,VI,C,C1,2026-2027,TYCO
28,24252271586,PATEL YUSRA YUSUF,9175515115,9673004716,9175515115,Computer Engineering,VI,C,C1,2026-2027,TYCO
29,24252271590,PATIL SAMRUDDHI RAVIKANT,8698173432,7768022727,8698173432,Computer Engineering,VI,C,C1,2026-2027,TYCO
30,24252271593,PAYAL PRASHANT MARKANDE,9421900376,9421900376,8411918247,Computer Engineering,VI,C,C1,2026-2027,TYCO
31,24252271596,PINGALE SAMARTH CHINTAMANI,9011973292,8149121250,9175774698,Computer Engineering,VI,C,C1,2026-2027,TYCO
32,24252271601,RAKSHE JAYSHRI BABAJI,9588494498,9284602672,9284210152,Computer Engineering,VI,C,C1,2026-2027,TYCO
33,24252271605,RAUT TANMAY SUHAS,9699029280,8087713523,9370770534,Computer Engineering,VI,C,C1,2026-2027,TYCO
34,24252271609,REDEWAD KRUSHNA ARJUN,9067130966,9370670877,9067130966,Computer Engineering,VI,C,C1,2026-2027,TYCO
35,24252271610,RUDRA SHASHANK DANI,9423978006,7304586918,9423978006,Computer Engineering,VI,C,C1,2026-2027,TYCO
36,24252271613,SALUNKE AARYAN KAPIL,9850000588,9850000588,7972101015,Computer Engineering,VI,C,C2,2026-2027,TYCO
37,24252271619,SANIKA SUNIL WANKHEDE,8600295387,7757994298,8600295387,Computer Engineering,VI,C,C2,2026-2027,TYCO
38,24252271622,SARVADE KAJOL AMAR,9970761401,9860340435,9970761401,Computer Engineering,VI,C,C2,2026-2027,TYCO
39,24252271624,SHAIKH AIMAN ILAHI,8208098831,9423092771,8208098831,Computer Engineering,VI,C,C2,2026-2027,TYCO
40,24252271633,SHINDE ROHAN DHANAJI,9822356309,9049857401,9527703109,Computer Engineering,VI,C,C2,2026-2027,TYCO
41,24252271636,SUGADE PRIYANSHU SADANAND,9011200606,9623300933,9011200606,Computer Engineering,VI,C,C2,2026-2027,TYCO
42,24252271638,SURVE NEHA RATNAKAR,9021574519,9850800384,9011356651,Computer Engineering,VI,C,C2,2026-2027,TYCO
43,24252271640,TANMAY AWATE,9552925839,9552925839,9527545773,Computer Engineering,VI,C,C2,2026-2027,TYCO
44,24252271647,THORAT RAJVEER AMIT,8369659575,9892525155,8655849499,Computer Engineering,VI,C,C2,2026-2027,TYCO
45,24252271649,UKE PAYAL NARESH,8329064558,8888562181,8329064558,Computer Engineering,VI,C,C2,2026-2027,TYCO
46,24252271653,YASH VAIBHAV BHUJBAL,9767728821,8600221324,8329404492,Computer Engineering,VI,C,C2,2026-2027,TYCO
47,24252271656,WAVALKAR VAIBHAV BHAGWAN,9511734679,9890436018,9511734679,Computer Engineering,VI,C,C2,2026-2027,TYCO
48,24252271660,SHINDE VAISHNAVI SAVABA,9764440336,9764440336,9322262219,Computer Engineering,VI,C,C2,2026-2027,TYCO
49,24252271665,BANGAR TUSHAR SANDIP,9890165284,9623265152,9623265152,Computer Engineering,VI,C,C2,2026-2027,TYCO
50,24252271666,BHADAKWAD PRASAD BALIRAM,8237912865,9763743463,8830174912,Computer Engineering,VI,C,C2,2026-2027,TYCO
51,24252271670,BORADE RUSHIKESH SURYAKANT,8208937673,9881244142,9881244142,Computer Engineering,VI,C,C2,2026-2027,TYCO
52,24252271671,CHAURE BHAGYASHREE SATISH,9021501727,9021360919,9021501727,Computer Engineering,VI,C,C2,2026-2027,TYCO
53,24252271676,KHADE RUTUJA SACHIN,9922748842,7020199217,7498865055,Computer Engineering,VI,C,C2,2026-2027,TYCO
54,24252271679,MANKESHWARE SNEHA VENKAT,9158812447,8669157932,9158812447,Computer Engineering,VI,C,C2,2026-2027,TYCO
55,24252271680,MAVALE SAHIL KISHOR,8796734987,8796734987,7719896670,Computer Engineering,VI,C,C2,2026-2027,TYCO
56,24252271681,MULIK ADITYA KUNAL,9665547994,9762105626,9762105626,Computer Engineering,VI,C,C2,2026-2027,TYCO
57,24252270652,GAIKWAD BHAVISHA RANJEET,9420750865,8855019465,8855019465,Computer Engineering,VI,C,C2,2026-2027,TYCO
58,24252270978,LOHAKARE DEEP SHANKAR,9604396062,9552294562,9552294562,Computer Engineering,VI,C,C2,2026-2027,TYCO
59,24252270924,GAIKWAD SANCHITA SACHIN,7498988566,9890149878,7083916942,Computer Engineering,VI,C,C2,2026-2027,TYCO
60,24252271005,PATIL SHALMALI SACHIN,8767435981,8767435981,8767435981,Computer Engineering,VI,C,C2,2026-2027,TYCO
61,24252270762,KHATPE ARYAN ANIL,8468997575,8788007591,9822657644,Computer Engineering,VI,C,C2,2026-2027,TYCO
62,25252271368,NIMBORE ISHWARI SHIVLING,8975403170,9923033170,7666506802,Computer Engineering,VI,C,C2,2026-2027,TYCO
64,25252271367,PATIL KRUSHNA DEEPAK,7387044204,9607396904,9607396904,Computer Engineering,VI,C,C2,2026-2027,TYCO
65,25252271377,SUBHEDAR DEVRAJ SAHEBANNA,8007930528,9112681965,8007125762,Computer Engineering,VI,C,C2,2026-2027,TYCO
66,25252271371,BHOR SAHIL SANTOSH,7219192003,9130309685,9657131207,Computer Engineering,VI,C,C2,2026-2027,TYCO
67,25252271360,MAHAGAONKAR ADITYA SANDIP,8329093917,8329093917,8329093917,Computer Engineering,VI,C,C2,2026-2027,TYCO
68,2109880464,PAWAR SANDESH GOPAL,,,,Computer Engineering,VI,C,C2,2026-2027,TYCO
